pixel_sha256_16,study_id,example_path,region,side,note
c6f407a66a845eac,1.2.840.113619.2.110.512719.20250403090444,1.2.840.113619.2.110.512719.20250403090444/series_004_3_CR/DXA/CR DXA/CR000000.dcm,spine,,
05a6c49f683e5963,1.2.840.113619.2.110.512719.20250403090444,1.2.840.113619.2.110.512719.20250403090444/series_004_3_CR/DXA/CR DXA/CR000001.dcm,hip,right,
9417beaf06f459a1,1.2.840.113619.2.110.512719.20250403090444,1.2.840.113619.2.110.512719.20250403090444/series_004_3_CR/DXA/CR DXA/CR000002.dcm,hip,left,
60cb7cca8a7af843,1.2.840.113619.2.110.512719.20250403092052,1.2.840.113619.2.110.512719.20250403092052/series_003_3_CR/DXA/CR DXA/CR000000.dcm,hip,right,
34bb6e0ac6fc1a44,1.2.840.113619.2.110.512719.20250403092052,1.2.840.113619.2.110.512719.20250403092052/series_003_3_CR/DXA/CR DXA/CR000001.dcm,spine,,
cf40e6855884cc8c,1.2.840.113619.2.110.512719.20250403092052,1.2.840.113619.2.110.512719.20250403092052/series_003_3_CR/DXA/CR DXA/CR000002.dcm,hip,left,
c47edafc9e3bb208,1.2.840.113619.2.110.512719.20250407113211,1.2.840.113619.2.110.512719.20250407113211/series_001_2_CR/DXA/CR DXA/CR000000.dcm,hip,left,
21120a01a2b6a0a6,1.2.840.113619.2.110.512719.20250407113211,1.2.840.113619.2.110.512719.20250407113211/series_001_2_CR/DXA/CR DXA/CR000001.dcm,hip,right,
27788a7fcc41b735,1.2.840.113619.2.110.512719.20250407113211,1.2.840.113619.2.110.512719.20250407113211/series_001_2_CR/DXA/CR DXA/CR000003.dcm,spine,,
e819dd820ca41d44,2.25.10245777060263212829333021434108890537,2.25.10245777060263212829333021434108890537/series_003_2_CR/A2504412435 DXA/CR DXA/CR000000.dcm,hip,right,
7ddef9465868ce40,2.25.10245777060263212829333021434108890537,2.25.10245777060263212829333021434108890537/series_003_2_CR/A2504412435 DXA/CR DXA/CR000001.dcm,spine,,
8049b64908b5c8ca,2.25.10245777060263212829333021434108890537,2.25.10245777060263212829333021434108890537/series_003_2_CR/A2504412435 DXA/CR DXA/CR000002.dcm,hip,left,
c9b4546a6d714408,2.25.102755089973625799055786462646268820450,2.25.102755089973625799055786462646268820450/series_002_2_CR/A2504257770 DXA/CR DXA/CR000000.dcm,hip,left,
ce34e247c0acf4eb,2.25.102755089973625799055786462646268820450,2.25.102755089973625799055786462646268820450/series_002_2_CR/A2504257770 DXA/CR DXA/CR000001.dcm,spine,,
68924583d33896b9,2.25.102755089973625799055786462646268820450,2.25.102755089973625799055786462646268820450/series_002_2_CR/A2504257770 DXA/CR DXA/CR000002.dcm,hip,right,
81bb5072ea87848d,2.25.102965897799404973225419898683246248872,2.25.102965897799404973225419898683246248872/series_001_2_CR/A250726353 DXA/CR DXA/CR000000.dcm,hip,left,
ec3169d196f14a94,2.25.102965897799404973225419898683246248872,2.25.102965897799404973225419898683246248872/series_001_2_CR/A250726353 DXA/CR DXA/CR000001.dcm,spine,,
b9d935ef7031dc6b,2.25.102965897799404973225419898683246248872,2.25.102965897799404973225419898683246248872/series_001_2_CR/A250726353 DXA/CR DXA/CR000002.dcm,hip,right,
423c38d13e962f22,2.25.103868781101960771917584077315578649178,2.25.103868781101960771917584077315578649178/series_001_3_CR/A2507485409 DXA/CR DXA/CR000000.dcm,hip,left,
f2d359a2f7d7b396,2.25.103868781101960771917584077315578649178,2.25.103868781101960771917584077315578649178/series_001_3_CR/A2507485409 DXA/CR DXA/CR000001.dcm,hip,right,
499472507246a353,2.25.103868781101960771917584077315578649178,2.25.103868781101960771917584077315578649178/series_001_3_CR/A2507485409 DXA/CR DXA/CR000002.dcm,spine,,
ee58c88757809209,2.25.105033841136787477881326326053319223817,2.25.105033841136787477881326326053319223817/series_001_2_CR/A250790559 DXA/CR DXA/CR000000.dcm,spine,,
f7ecb54fddc51a46,2.25.105033841136787477881326326053319223817,2.25.105033841136787477881326326053319223817/series_001_2_CR/A250790559 DXA/CR DXA/CR000002.dcm,hip,left,
be45d4157472f757,2.25.105033841136787477881326326053319223817,2.25.105033841136787477881326326053319223817/series_001_2_CR/A250790559 DXA/CR DXA/CR000003.dcm,hip,right,
440745dd530b1bc4,2.25.108537195937431169718850276671337677972,2.25.108537195937431169718850276671337677972/series_002_2_CR/A250479795 DXA/CR DXA/CR000000.dcm,spine,,
e2066f48fc9bf8d9,2.25.11175860580562939441493697221497597640,2.25.11175860580562939441493697221497597640/series_003_2_CR/A2507431060 DXA/CR DXA/CR000000.dcm,hip,right,endoprosthesis
32b4924f8b8dcc11,2.25.11175860580562939441493697221497597640,2.25.11175860580562939441493697221497597640/series_003_2_CR/A2507431060 DXA/CR DXA/CR000001.dcm,spine,,
df0141904ce01d6f,2.25.11175860580562939441493697221497597640,2.25.11175860580562939441493697221497597640/series_003_2_CR/A2507431060 DXA/CR DXA/CR000002.dcm,hip,left,
82a4a1a8445f67a1,2.25.112621744005021908434051268014787122937,2.25.112621744005021908434051268014787122937/series_002_2_CR/A2504301685 DXA/CR DXA/CR000000.dcm,spine,,
e76dd0a39e8426df,2.25.114887542067602662452692698814728642117,2.25.114887542067602662452692698814728642117/series_001_2_CR/A2504131887 DXA/CR DXA/CR000000.dcm,hip,right,
b28acdb53ecde2a8,2.25.114887542067602662452692698814728642117,2.25.114887542067602662452692698814728642117/series_001_2_CR/A2504131887 DXA/CR DXA/CR000001.dcm,hip,left,
027eeb835ac7cabf,2.25.114887542067602662452692698814728642117,2.25.114887542067602662452692698814728642117/series_001_2_CR/A2504131887 DXA/CR DXA/CR000004.dcm,spine,,
3372f49154505078,2.25.116822802042655971810859435524105064465,2.25.116822802042655971810859435524105064465/series_003_2_CR/A2507273296 DXA/CR DXA/CR000000.dcm,hip,right,
d5f9f1c05da0504f,2.25.116822802042655971810859435524105064465,2.25.116822802042655971810859435524105064465/series_003_2_CR/A2507273296 DXA/CR DXA/CR000001.dcm,hip,left,
daa6af9076daa588,2.25.116822802042655971810859435524105064465,2.25.116822802042655971810859435524105064465/series_003_2_CR/A2507273296 DXA/CR DXA/CR000002.dcm,spine,,
9f70fac6f19734c5,2.25.122446767306607067205618235949445789306,2.25.122446767306607067205618235949445789306/series_001_2_CR/A2504255080 DXA/CR DXA/CR000000.dcm,hip,right,
7818b253dbb3d81c,2.25.122446767306607067205618235949445789306,2.25.122446767306607067205618235949445789306/series_001_2_CR/A2504255080 DXA/CR DXA/CR000001.dcm,hip,left,
a4932f78e4517cc7,2.25.122446767306607067205618235949445789306,2.25.122446767306607067205618235949445789306/series_001_2_CR/A2504255080 DXA/CR DXA/CR000002.dcm,spine,,
d48d7925bfcd64d4,2.25.123175695355749859846173904788591707879,2.25.123175695355749859846173904788591707879/series_001_2_CR/A250722449 DXA/CR DXA/CR000000.dcm,spine,,
653a6a001d8af835,2.25.124890633326693921702195356152595253940,2.25.124890633326693921702195356152595253940/series_002_2_CR/A2504263153 DXA/CR DXA/CR000000.dcm,spine,,
dbc7a018cf7a2951,2.25.124890633326693921702195356152595253940,2.25.124890633326693921702195356152595253940/series_002_2_CR/A2504263153 DXA/CR DXA/CR000001.dcm,hip,left,
79381d4fd93d9813,2.25.124890633326693921702195356152595253940,2.25.124890633326693921702195356152595253940/series_002_2_CR/A2504263153 DXA/CR DXA/CR000002.dcm,hip,right,
c28bab5fbe11a39c,2.25.125521310320333648427417313254965624364,2.25.125521310320333648427417313254965624364/series_001_2_CR/A250444126 DXA/CR DXA/CR000000.dcm,spine,,
7386e6e571580d70,2.25.126293418391331346694592071563510265596,2.25.126293418391331346694592071563510265596/series_002_3_CR/A2507250865 DXA/CR DXA/CR000000.dcm,hip,right,
fb50762dacb19e4f,2.25.126293418391331346694592071563510265596,2.25.126293418391331346694592071563510265596/series_002_3_CR/A2507250865 DXA/CR DXA/CR000001.dcm,spine,,
7044d0a9394b2963,2.25.126293418391331346694592071563510265596,2.25.126293418391331346694592071563510265596/series_002_3_CR/A2507250865 DXA/CR DXA/CR000002.dcm,hip,left,atypical: severely mispositioned scan
09202c7c484b33a2,2.25.127126130998341190348103034690069487890,2.25.127126130998341190348103034690069487890/series_002_2_CR/A250428736 DXA/CR DXA/CR000000.dcm,spine,,
af61b67b021bfcb8,2.25.127126130998341190348103034690069487890,2.25.127126130998341190348103034690069487890/series_002_2_CR/A250428736 DXA/CR DXA/CR000001.dcm,hip,left,"fracture study, atypical femur"
e210154b6418bedb,2.25.127126130998341190348103034690069487890,2.25.127126130998341190348103034690069487890/series_002_2_CR/A250428736 DXA/CR DXA/CR000003.dcm,hip,right,
d47a29a8afa586fc,2.25.12798473087614376830819854616447908612,2.25.12798473087614376830819854616447908612/series_002_2_CR/A2507538847 DXA/CR DXA/CR000000.dcm,spine,,
edf5a5fb756cb2ed,2.25.12798473087614376830819854616447908612,2.25.12798473087614376830819854616447908612/series_002_2_CR/A2507538847 DXA/CR DXA/CR000001.dcm,hip,left,endoprosthesis
dd7beca04faffb9a,2.25.12798473087614376830819854616447908612,2.25.12798473087614376830819854616447908612/series_002_2_CR/A2507538847 DXA/CR DXA/CR000002.dcm,hip,right,endoprosthesis
dbcdbde9927b8e02,2.25.128197189461989832465575162384360009377,2.25.128197189461989832465575162384360009377/series_001_2_CR/A2507216909 DXA/CR DXA/CR000000.dcm,spine,,
44909e0023e1bf8f,2.25.128630285053087246379265602913470285158,2.25.128630285053087246379265602913470285158/series_003_2_CR/A2504394821 DXA/CR DXA/CR000000.dcm,spine,,
ce9f314c76afcce2,2.25.128990540359421489042453547244535073735,2.25.128990540359421489042453547244535073735/series_002_2_CR/A2507388698 DXA/CR DXA/CR000000.dcm,hip,left,
44e0afb944ec34f1,2.25.128990540359421489042453547244535073735,2.25.128990540359421489042453547244535073735/series_002_2_CR/A2507388698 DXA/CR DXA/CR000001.dcm,spine,,
89bb09e2c0d0c0e5,2.25.128990540359421489042453547244535073735,2.25.128990540359421489042453547244535073735/series_002_2_CR/A2507388698 DXA/CR DXA/CR000003.dcm,hip,right,
b871b370f9644cd8,2.25.129239680100193368599713239115902740628,2.25.129239680100193368599713239115902740628/series_003_3_CR/A250757345 DXA/CR DXA/CR000000.dcm,hip,left,
7d6a6ee41db30677,2.25.13069823278093578548407087310307113784,2.25.13069823278093578548407087310307113784/series_003_2_CR/A2507242667 DXA/CR DXA/CR000000.dcm,hip,left,
55332fee652921b5,2.25.13069823278093578548407087310307113784,2.25.13069823278093578548407087310307113784/series_003_2_CR/A2507242667 DXA/CR DXA/CR000001.dcm,spine,,
84dbc7f3189a1b23,2.25.13069823278093578548407087310307113784,2.25.13069823278093578548407087310307113784/series_003_2_CR/A2507242667 DXA/CR DXA/CR000002.dcm,hip,right,
bd6094efab0a006b,2.25.132083163398091874662674590622589534350,2.25.132083163398091874662674590622589534350/series_003_2_CR/A2507386583 DXA Exam/CR DXA Images/CR000000.dcm,hip,left,
cb000de97a1c4d79,2.25.132083163398091874662674590622589534350,2.25.132083163398091874662674590622589534350/series_003_2_CR/A2507386583 DXA Exam/CR DXA Images/CR000001.dcm,spine,,
a44adcaca3f8d2dc,2.25.132083163398091874662674590622589534350,2.25.132083163398091874662674590622589534350/series_003_2_CR/A2507386583 DXA Exam/CR DXA Images/CR000002.dcm,hip,right,
b165fefea9e07d84,2.25.132272637351979990811754009849547633391,2.25.132272637351979990811754009849547633391/series_003_3_CR/A2504141080 DXA/CR DXA/CR000000.dcm,hip,left,
db06c0c67b8064a3,2.25.132272637351979990811754009849547633391,2.25.132272637351979990811754009849547633391/series_003_3_CR/A2504141080 DXA/CR DXA/CR000001.dcm,hip,right,
021f811aa88079c9,2.25.132272637351979990811754009849547633391,2.25.132272637351979990811754009849547633391/series_003_3_CR/A2504141080 DXA/CR DXA/CR000002.dcm,spine,,
b2f56cb55faf8132,2.25.13325817932854000792938662637654885530,2.25.13325817932854000792938662637654885530/series_002_2_CR/A2507365486 DXA/CR DXA/CR000000.dcm,spine,,
fa83fd9544f3b976,2.25.13325817932854000792938662637654885530,2.25.13325817932854000792938662637654885530/series_002_2_CR/A2507365486 DXA/CR DXA/CR000001.dcm,hip,left,
7f147826d8d0d937,2.25.13325817932854000792938662637654885530,2.25.13325817932854000792938662637654885530/series_002_2_CR/A2507365486 DXA/CR DXA/CR000005.dcm,hip,right,
f6f993d4e3fd023e,2.25.134456506307367483341018281460841912845,2.25.134456506307367483341018281460841912845/series_002_2_CR/A2507120612 DXA/CR DXA/CR000000.dcm,hip,left,
ae7dc0800bfc366e,2.25.134456506307367483341018281460841912845,2.25.134456506307367483341018281460841912845/series_002_2_CR/A2507120612 DXA/CR DXA/CR000001.dcm,spine,,
86d8ee9f87b69a20,2.25.134456506307367483341018281460841912845,2.25.134456506307367483341018281460841912845/series_002_2_CR/A2507120612 DXA/CR DXA/CR000002.dcm,hip,right,
578a701b51214057,2.25.135241889065705954191821710363605596815,2.25.135241889065705954191821710363605596815/series_003_3_CR/A250715060 DXA/CR DXA/CR000000.dcm,hip,left,
588214b09c295f15,2.25.135241889065705954191821710363605596815,2.25.135241889065705954191821710363605596815/series_003_3_CR/A250715060 DXA/CR DXA/CR000001.dcm,spine,,
d75c54b3f8fc5c6e,2.25.13566237352084812982996047541944701548,2.25.13566237352084812982996047541944701548/series_002_2_CR/A2504268931 DXA/CR DXA/CR000000.dcm,spine,,
f723be3d60eaf658,2.25.137344827330550141320158285144101816664,2.25.137344827330550141320158285144101816664/series_003_3_CR/A2507146630 DXA/CR DXA/CR000000.dcm,spine,,
7edf229b5123bf59,2.25.137344827330550141320158285144101816664,2.25.137344827330550141320158285144101816664/series_003_3_CR/A2507146630 DXA/CR DXA/CR000001.dcm,hip,left,
cd5e5845e173bef7,2.25.137344827330550141320158285144101816664,2.25.137344827330550141320158285144101816664/series_003_3_CR/A2507146630 DXA/CR DXA/CR000002.dcm,hip,right,
08d4836dc39d6c95,2.25.137675513852774974135210999345676405116,2.25.137675513852774974135210999345676405116/series_001_2_CR/A2504106597 DXA/CR DXA/CR000000.dcm,spine,,
f73aca25fae0ef74,2.25.13983650679559142983913935144968795415,2.25.13983650679559142983913935144968795415/series_003_2_CR/A2504335111 DXA/CR DXA/CR000000.dcm,spine,,
f8d83df71ec58fee,2.25.13983650679559142983913935144968795415,2.25.13983650679559142983913935144968795415/series_003_2_CR/A2504335111 DXA/CR DXA/CR000001.dcm,hip,right,
9c638982938e7aa6,2.25.13983650679559142983913935144968795415,2.25.13983650679559142983913935144968795415/series_003_2_CR/A2504335111 DXA/CR DXA/CR000002.dcm,hip,left,
2e76a6eccde81952,2.25.144941557565802351596730914409170713112,2.25.144941557565802351596730914409170713112/series_001_2_CR/A250728979 DXA/CR DXA/CR000000.dcm,hip,left,
20bfba497ceb85eb,2.25.144941557565802351596730914409170713112,2.25.144941557565802351596730914409170713112/series_001_2_CR/A250728979 DXA/CR DXA/CR000002.dcm,hip,right,
4bc4e8623b98010e,2.25.144941557565802351596730914409170713112,2.25.144941557565802351596730914409170713112/series_001_2_CR/A250728979 DXA/CR DXA/CR000006.dcm,spine,,
c4fd1ef3c7afd044,2.25.145848300160680194368420189079847088556,2.25.145848300160680194368420189079847088556/series_002_2_CR/A2504248615 DXA Exam/CR DXA Images/CR000000.dcm,hip,right,
0009deec61d2692d,2.25.145848300160680194368420189079847088556,2.25.145848300160680194368420189079847088556/series_002_2_CR/A2504248615 DXA Exam/CR DXA Images/CR000001.dcm,hip,left,
bac825732ad0b91c,2.25.145848300160680194368420189079847088556,2.25.145848300160680194368420189079847088556/series_002_2_CR/A2504248615 DXA Exam/CR DXA Images/CR000002.dcm,spine,,
4822c2c9251e2b71,2.25.151186844055172005615813066162721550889,2.25.151186844055172005615813066162721550889/series_002_2_CR/A250436130 DXA/CR DXA/CR000000.dcm,spine,,
ce1fd0d5fdba5563,2.25.151186844055172005615813066162721550889,2.25.151186844055172005615813066162721550889/series_002_2_CR/A250436130 DXA/CR DXA/CR000001.dcm,hip,left,
8d379216e8f57ee8,2.25.151186844055172005615813066162721550889,2.25.151186844055172005615813066162721550889/series_002_2_CR/A250436130 DXA/CR DXA/CR000002.dcm,hip,right,
d0c0c083e64f8246,2.25.156021661584944120526934974594604520993,2.25.156021661584944120526934974594604520993/series_003_2_CR/A2507142228 DXA/CR DXA/CR000000.dcm,spine,,
dff8d00d64c5643f,2.25.156021661584944120526934974594604520993,2.25.156021661584944120526934974594604520993/series_003_2_CR/A2507142228 DXA/CR DXA/CR000001.dcm,hip,left,
6c09ca58ca0752b3,2.25.156021661584944120526934974594604520993,2.25.156021661584944120526934974594604520993/series_003_2_CR/A2507142228 DXA/CR DXA/CR000003.dcm,hip,right,
e45e0492fedaf693,2.25.156375884487675936513403083218009333856,2.25.156375884487675936513403083218009333856/series_003_2_CR/A250727121 DXA/CR DXA/CR000000.dcm,hip,left,
df2d490296e2a9ac,2.25.156375884487675936513403083218009333856,2.25.156375884487675936513403083218009333856/series_003_2_CR/A250727121 DXA/CR DXA/CR000001.dcm,spine,,
efb6b0cd5aa289c9,2.25.156375884487675936513403083218009333856,2.25.156375884487675936513403083218009333856/series_003_2_CR/A250727121 DXA/CR DXA/CR000004.dcm,hip,right,
ef759e14a1118a14,2.25.156389075510671877606923458507011517218,2.25.156389075510671877606923458507011517218/series_001_2_CR/A2507389755 DXA/CR DXA/CR000000.dcm,hip,right,
458fbb5a64c0b06c,2.25.156389075510671877606923458507011517218,2.25.156389075510671877606923458507011517218/series_001_2_CR/A2507389755 DXA/CR DXA/CR000001.dcm,hip,left,
9702612e39d7b2fa,2.25.156389075510671877606923458507011517218,2.25.156389075510671877606923458507011517218/series_001_2_CR/A2507389755 DXA/CR DXA/CR000002.dcm,spine,,
580b02a6654d8fb3,2.25.157462338378550185821790046400986801350,2.25.157462338378550185821790046400986801350/series_001_2_CR/A2507498707 DXA/CR DXA/CR000000.dcm,spine,,
c6ee20747a533af1,2.25.157462338378550185821790046400986801350,2.25.157462338378550185821790046400986801350/series_001_2_CR/A2507498707 DXA/CR DXA/CR000001.dcm,hip,right,
d01ec4c34caa2453,2.25.157462338378550185821790046400986801350,2.25.157462338378550185821790046400986801350/series_001_2_CR/A2507498707 DXA/CR DXA/CR000003.dcm,hip,left,
9ee2d6dbff617cba,2.25.158197739569377798130962967413133224194,2.25.158197739569377798130962967413133224194/series_002_2_CR/A2504245497 DXA/CR DXA/CR000000.dcm,spine,,
f3eab676abca8f9e,2.25.158646777318759504110695916200521633609,2.25.158646777318759504110695916200521633609/series_003_6_CR/A2507266260 DXA/CR DXA/CR000000.dcm,hip,right,
d15d06a98a7005dd,2.25.158646777318759504110695916200521633609,2.25.158646777318759504110695916200521633609/series_003_6_CR/A2507266260 DXA/CR DXA/CR000001.dcm,spine,,
1e093ae3b10f888b,2.25.158646777318759504110695916200521633609,2.25.158646777318759504110695916200521633609/series_003_6_CR/A2507266260 DXA/CR DXA/CR000003.dcm,hip,left,
69b43af166f52522,2.25.159930383074323525630608416881201447861,2.25.159930383074323525630608416881201447861/series_002_2_CR/A2507139428 DXA/CR DXA/CR000000.dcm,spine,,
566922f4b41bc3b0,2.25.164566280810634620154538016595892212884,2.25.164566280810634620154538016595892212884/series_001_2_CR/A2504291878 DXA Exam/CR DXA Images/CR000000.dcm,hip,right,
ebf6d0d58f9e6773,2.25.164566280810634620154538016595892212884,2.25.164566280810634620154538016595892212884/series_001_2_CR/A2504291878 DXA Exam/CR DXA Images/CR000001.dcm,spine,,
bbb83d9bf4ee232d,2.25.164566280810634620154538016595892212884,2.25.164566280810634620154538016595892212884/series_001_2_CR/A2504291878 DXA Exam/CR DXA Images/CR000002.dcm,hip,left,
621341f01cc9a0f6,2.25.165091430504580219034019815337441064349,2.25.165091430504580219034019815337441064349/series_001_2_CR/A2504415443 DXA/CR DXA/CR000000.dcm,hip,right,
21453fee002187fd,2.25.165091430504580219034019815337441064349,2.25.165091430504580219034019815337441064349/series_001_2_CR/A2504415443 DXA/CR DXA/CR000001.dcm,hip,left,
5792326c16e71fed,2.25.165091430504580219034019815337441064349,2.25.165091430504580219034019815337441064349/series_001_2_CR/A2504415443 DXA/CR DXA/CR000002.dcm,spine,,
7824edf88f3f20ef,2.25.165355673991587715046346525964554729786,2.25.165355673991587715046346525964554729786/series_003_3_CR/A2506448267 DXA/CR DXA/CR000000.dcm,hip,left,
2d09c8662faa5d06,2.25.165355673991587715046346525964554729786,2.25.165355673991587715046346525964554729786/series_003_3_CR/A2506448267 DXA/CR DXA/CR000001.dcm,spine,,
d15067c822824905,2.25.167344201679287285499405412654740659745,2.25.167344201679287285499405412654740659745/series_003_2_CR/A2504249537 DXA/CR DXA/CR000000.dcm,hip,right,
f863c19f694d6be0,2.25.167344201679287285499405412654740659745,2.25.167344201679287285499405412654740659745/series_003_2_CR/A2504249537 DXA/CR DXA/CR000001.dcm,hip,left,
a73ee8af3ed90fe9,2.25.167344201679287285499405412654740659745,2.25.167344201679287285499405412654740659745/series_003_2_CR/A2504249537 DXA/CR DXA/CR000002.dcm,spine,,
d4d15036ed84f735,2.25.16773626720107440979805052259711419763,2.25.16773626720107440979805052259711419763/series_004_2_CR/A2507537392 DXA/CR DXA/CR000000.dcm,spine,,
587887e401a4f47b,2.25.16773626720107440979805052259711419763,2.25.16773626720107440979805052259711419763/series_004_2_CR/A2507537392 DXA/CR DXA/CR000001.dcm,hip,right,
1e828b0cca989a71,2.25.16773626720107440979805052259711419763,2.25.16773626720107440979805052259711419763/series_004_2_CR/A2507537392 DXA/CR DXA/CR000004.dcm,hip,left,
6a78a4b6956d422a,2.25.168317503020329569414190677927680518621,2.25.168317503020329569414190677927680518621/series_004_2_CR/A2507557128 DXA/CR DXA/CR000000.dcm,hip,left,
c6ed5027d3813b04,2.25.168317503020329569414190677927680518621,2.25.168317503020329569414190677927680518621/series_004_2_CR/A2507557128 DXA/CR DXA/CR000003.dcm,spine,,
5b6051068c70528c,2.25.168317503020329569414190677927680518621,2.25.168317503020329569414190677927680518621/series_004_2_CR/A2507557128 DXA/CR DXA/CR000004.dcm,hip,right,
1e7c8c158deb163c,2.25.169242707068684757906797344800977707240,2.25.169242707068684757906797344800977707240/series_003_2_CR/A2507185832 DXA/CR DXA/CR000000.dcm,spine,,
bf6fb0f945221b0f,2.25.172445998420765569384934552191547932566,2.25.172445998420765569384934552191547932566/series_004_2_CR/A2507368766 DXA/CR DXA/CR000000.dcm,spine,,
56e34118d5a62fef,2.25.172445998420765569384934552191547932566,2.25.172445998420765569384934552191547932566/series_004_2_CR/A2507368766 DXA/CR DXA/CR000001.dcm,hip,right,
f93de3a4cb2a12ba,2.25.172445998420765569384934552191547932566,2.25.172445998420765569384934552191547932566/series_004_2_CR/A2507368766 DXA/CR DXA/CR000002.dcm,hip,left,
f5675d7f325cf1c2,2.25.173731186748227489808861376513577450951,2.25.173731186748227489808861376513577450951/series_002_2_CR/A2507188958 DXA/CR DXA/CR000000.dcm,spine,,
de1839954853f792,2.25.173731186748227489808861376513577450951,2.25.173731186748227489808861376513577450951/series_002_2_CR/A2507188958 DXA/CR DXA/CR000001.dcm,hip,left,
48bfd0c15acacbf1,2.25.173753313169335820519632380691065649420,2.25.173753313169335820519632380691065649420/series_003_2_CR/A2504265499 DXA/CR DXA/CR000000.dcm,hip,right,
7bf4475e70be3bb8,2.25.173753313169335820519632380691065649420,2.25.173753313169335820519632380691065649420/series_003_2_CR/A2504265499 DXA/CR DXA/CR000002.dcm,spine,,
e1cc91badb99a2cd,2.25.173753313169335820519632380691065649420,2.25.173753313169335820519632380691065649420/series_003_2_CR/A2504265499 DXA/CR DXA/CR000003.dcm,hip,left,
c185f78cf9fa951d,2.25.175881661753775295785039265792986971602,2.25.175881661753775295785039265792986971602/series_003_2_CR/A2507266462 DXA/CR DXA/CR000000.dcm,hip,right,
22a1a76bdcea8b65,2.25.175881661753775295785039265792986971602,2.25.175881661753775295785039265792986971602/series_003_2_CR/A2507266462 DXA/CR DXA/CR000001.dcm,spine,,
088570d5d86d04d1,2.25.175881661753775295785039265792986971602,2.25.175881661753775295785039265792986971602/series_003_2_CR/A2507266462 DXA/CR DXA/CR000002.dcm,hip,left,
d2037efe0bf25c97,2.25.175903805423871105435148927871625232853,2.25.175903805423871105435148927871625232853/series_001_2_CR/A2507159447 DXA/CR DXA/CR000000.dcm,spine,,
27c5cbbc8dd8a4e3,2.25.175903805423871105435148927871625232853,2.25.175903805423871105435148927871625232853/series_001_2_CR/A2507159447 DXA/CR DXA/CR000001.dcm,hip,right,
b4b5db8ba73ce214,2.25.175903805423871105435148927871625232853,2.25.175903805423871105435148927871625232853/series_001_2_CR/A2507159447 DXA/CR DXA/CR000002.dcm,hip,left,
e80ba09562e734a8,2.25.17706555930735581384953296958427669848,2.25.17706555930735581384953296958427669848/series_004_3_CR/A2504146513 DXA/CR DXA/CR000000.dcm,hip,left,
6e751e348652b0af,2.25.17706555930735581384953296958427669848,2.25.17706555930735581384953296958427669848/series_004_3_CR/A2504146513 DXA/CR DXA/CR000001.dcm,spine,,
49d6aa14a8a56235,2.25.17706555930735581384953296958427669848,2.25.17706555930735581384953296958427669848/series_004_3_CR/A2504146513 DXA/CR DXA/CR000003.dcm,hip,right,
f934b11cef4d305a,2.25.177745077805190810016231350557005569203,2.25.177745077805190810016231350557005569203/series_002_2_CR/A2504273759 DXA/CR DXA/CR000000.dcm,hip,left,
28d48ba34ef4b0c3,2.25.177745077805190810016231350557005569203,2.25.177745077805190810016231350557005569203/series_002_2_CR/A2504273759 DXA/CR DXA/CR000001.dcm,spine,,
3a2c2a0647732389,2.25.177745077805190810016231350557005569203,2.25.177745077805190810016231350557005569203/series_002_2_CR/A2504273759 DXA/CR DXA/CR000004.dcm,hip,right,
c0f7a6a59b6471f1,2.25.178533355209696795441380751187185128893,2.25.178533355209696795441380751187185128893/series_003_2_CR/A2507155452 DXA/CR DXA/CR000000.dcm,spine,,
5ba35d8b87ed1624,2.25.181196659018348153828200695057897449628,2.25.181196659018348153828200695057897449628/series_004_2_CR/A2507370620 DXA/CR DXA/CR000000.dcm,hip,left,
67c52cb2253bf4f8,2.25.181196659018348153828200695057897449628,2.25.181196659018348153828200695057897449628/series_004_2_CR/A2507370620 DXA/CR DXA/CR000001.dcm,hip,right,
c12a460e00c80f29,2.25.181196659018348153828200695057897449628,2.25.181196659018348153828200695057897449628/series_004_2_CR/A2507370620 DXA/CR DXA/CR000002.dcm,spine,,
c091c93108424ce9,2.25.184198356665635336833172191504278054074,2.25.184198356665635336833172191504278054074/series_004_2_CR/A250788286 DXA/CR DXA/CR000000.dcm,spine,,
ab415d7ce15d1056,2.25.184198356665635336833172191504278054074,2.25.184198356665635336833172191504278054074/series_004_2_CR/A250788286 DXA/CR DXA/CR000001.dcm,hip,left,
bb290161104bfb53,2.25.184198356665635336833172191504278054074,2.25.184198356665635336833172191504278054074/series_004_2_CR/A250788286 DXA/CR DXA/CR000002.dcm,hip,right,
515ab05a1a764554,2.25.186201010600484120326273381077449377115,2.25.186201010600484120326273381077449377115/series_004_2_CR/A250777475 DXA/CR DXA/CR000000.dcm,hip,left,
9d1e8579bdd2e590,2.25.186201010600484120326273381077449377115,2.25.186201010600484120326273381077449377115/series_004_2_CR/A250777475 DXA/CR DXA/CR000002.dcm,hip,right,
d3914d56d9476988,2.25.186201010600484120326273381077449377115,2.25.186201010600484120326273381077449377115/series_004_2_CR/A250777475 DXA/CR DXA/CR000007.dcm,spine,,
624585cc60bb286b,2.25.190331309633057244929837507901317950031,2.25.190331309633057244929837507901317950031/series_001_2_CR/A250791815 DXA/CR DXA/CR000000.dcm,hip,left,
7cd28f117d1252ca,2.25.190331309633057244929837507901317950031,2.25.190331309633057244929837507901317950031/series_001_2_CR/A250791815 DXA/CR DXA/CR000003.dcm,spine,,
73524be2cac2fd04,2.25.190331309633057244929837507901317950031,2.25.190331309633057244929837507901317950031/series_001_2_CR/A250791815 DXA/CR DXA/CR000004.dcm,hip,right,
9a07191582d4df17,2.25.190807933410234695931591553323782771995,2.25.190807933410234695931591553323782771995/series_002_3_CR/A250762254 DXA/CR DXA/CR000000.dcm,spine,,
267951edec5580aa,2.25.190807933410234695931591553323782771995,2.25.190807933410234695931591553323782771995/series_002_3_CR/A250762254 DXA/CR DXA/CR000001.dcm,hip,left,
03ada8639d1cfa23,2.25.215177279960644564778148238928738915103,2.25.215177279960644564778148238928738915103/series_002_2_CR/A2504147013 DXA/CR DXA/CR000000.dcm,hip,left,
33fb4dd13a6b3d02,2.25.215177279960644564778148238928738915103,2.25.215177279960644564778148238928738915103/series_002_2_CR/A2504147013 DXA/CR DXA/CR000001.dcm,spine,,
ce46418da708ac9f,2.25.215177279960644564778148238928738915103,2.25.215177279960644564778148238928738915103/series_002_2_CR/A2504147013 DXA/CR DXA/CR000002.dcm,hip,right,
8ddf688f61a2f6f9,2.25.217397325224876728316360420804118329081,2.25.217397325224876728316360420804118329081/series_002_2_CR/A250474631 DXA/CR DXA/CR000000.dcm,hip,left,
2cca6a79bf09bb02,2.25.217397325224876728316360420804118329081,2.25.217397325224876728316360420804118329081/series_002_2_CR/A250474631 DXA/CR DXA/CR000001.dcm,hip,right,
52295be51166a1a6,2.25.217397325224876728316360420804118329081,2.25.217397325224876728316360420804118329081/series_002_2_CR/A250474631 DXA/CR DXA/CR000002.dcm,spine,,
e9c430cd843a1bff,2.25.220866240977467582196609708837940253840,2.25.220866240977467582196609708837940253840/series_001_2_CR/A2504258893 DXA/CR DXA/CR000000.dcm,spine,,scoliosis
9fda9847f72a0e1d,2.25.234651502352368356456298825489565282446,2.25.234651502352368356456298825489565282446/series_002_2_CR/A2504307193 DXA/CR DXA/CR000000.dcm,hip,right,
c22727e0ae2728e9,2.25.234651502352368356456298825489565282446,2.25.234651502352368356456298825489565282446/series_002_2_CR/A2504307193 DXA/CR DXA/CR000002.dcm,spine,,
57a2d9b6efa45983,2.25.234651502352368356456298825489565282446,2.25.234651502352368356456298825489565282446/series_002_2_CR/A2504307193 DXA/CR DXA/CR000003.dcm,hip,left,
dea622ab4236a090,2.25.247714038039430659432048101646401574824,2.25.247714038039430659432048101646401574824/series_002_2_CR/A2504238024 DXA Exam/CR DXA Images/CR000000.dcm,hip,left,
c81c6015258df8f3,2.25.247714038039430659432048101646401574824,2.25.247714038039430659432048101646401574824/series_002_2_CR/A2504238024 DXA Exam/CR DXA Images/CR000001.dcm,hip,right,
446fefe9c8c13349,2.25.247714038039430659432048101646401574824,2.25.247714038039430659432048101646401574824/series_002_2_CR/A2504238024 DXA Exam/CR DXA Images/CR000002.dcm,spine,,
93434e1a4eec4ac6,2.25.269648774413746842548908998641183395622,2.25.269648774413746842548908998641183395622/series_001_2_CR/A2504393664 DXA/CR DXA/CR000000.dcm,hip,right,
d684bf1ead800ee1,2.25.269648774413746842548908998641183395622,2.25.269648774413746842548908998641183395622/series_001_2_CR/A2504393664 DXA/CR DXA/CR000001.dcm,spine,,
09d8efe733e99a4e,2.25.269648774413746842548908998641183395622,2.25.269648774413746842548908998641183395622/series_001_2_CR/A2504393664 DXA/CR DXA/CR000002.dcm,hip,left,
855e420e86b39805,2.25.269742577365511543488820993979123763373,2.25.269742577365511543488820993979123763373/series_003_2_CR/A250477751 DXA/CR DXA/CR000000.dcm,spine,,
4e25cc0bb2adbc29,2.25.272690031744216183651627058502316132741,2.25.272690031744216183651627058502316132741/series_002_2_CR/A2504373414 DXA/CR DXA/CR000000.dcm,hip,right,
982ec0b069beda01,2.25.272690031744216183651627058502316132741,2.25.272690031744216183651627058502316132741/series_002_2_CR/A2504373414 DXA/CR DXA/CR000001.dcm,spine,,
b07977a2921417d2,2.25.272690031744216183651627058502316132741,2.25.272690031744216183651627058502316132741/series_002_2_CR/A2504373414 DXA/CR DXA/CR000002.dcm,hip,left,
9f60e600ebade475,2.25.276415754443998872860614500027519740375,2.25.276415754443998872860614500027519740375/series_002_2_CR/A2504387089 DXA/CR DXA/CR000000.dcm,spine,,
7a58ecdcd7824a51,2.25.276415754443998872860614500027519740375,2.25.276415754443998872860614500027519740375/series_002_2_CR/A2504387089 DXA/CR DXA/CR000002.dcm,hip,right,
96e6f9619784d2f4,2.25.276415754443998872860614500027519740375,2.25.276415754443998872860614500027519740375/series_002_2_CR/A2504387089 DXA/CR DXA/CR000003.dcm,hip,left,
940c882b12f2333c,2.25.277752758923974029595977676354128739670,2.25.277752758923974029595977676354128739670/series_002_2_CR/A2504223752 DXA/CR DXA/CR000000.dcm,hip,right,
a9787e87d0aa480d,2.25.277752758923974029595977676354128739670,2.25.277752758923974029595977676354128739670/series_002_2_CR/A2504223752 DXA/CR DXA/CR000001.dcm,hip,left,
26d2dd2178ebf55c,2.25.277752758923974029595977676354128739670,2.25.277752758923974029595977676354128739670/series_002_2_CR/A2504223752 DXA/CR DXA/CR000004.dcm,spine,,
daf539bdc26ca46c,2.25.286999464611662854355201599068538813496,2.25.286999464611662854355201599068538813496/series_003_2_CR/A2504223477 DXA/CR DXA/CR000000.dcm,hip,right,
c07b77ec930c0e5a,2.25.286999464611662854355201599068538813496,2.25.286999464611662854355201599068538813496/series_003_2_CR/A2504223477 DXA/CR DXA/CR000001.dcm,spine,,
73ea77d410564f83,2.25.286999464611662854355201599068538813496,2.25.286999464611662854355201599068538813496/series_003_2_CR/A2504223477 DXA/CR DXA/CR000002.dcm,hip,left,
b179f31237724a6c,2.25.29638026465755240167985424461715024381,2.25.29638026465755240167985424461715024381/series_004_3_CR/A2504115579 DXA/CR DXA/CR000000.dcm,hip,right,
ec8804df7d4ca556,2.25.29638026465755240167985424461715024381,2.25.29638026465755240167985424461715024381/series_004_3_CR/A2504115579 DXA/CR DXA/CR000001.dcm,spine,,
de66adf02193396e,2.25.29638026465755240167985424461715024381,2.25.29638026465755240167985424461715024381/series_004_3_CR/A2504115579 DXA/CR DXA/CR000003.dcm,hip,left,
aee0ac29e3a1725f,2.25.306921081709806079165809721263236241032,2.25.306921081709806079165809721263236241032/series_002_2_CR/A2504381177 DXA/CR DXA/CR000000.dcm,spine,,
2dec43b06fc8063e,2.25.307021710202910067378603383388989711646,2.25.307021710202910067378603383388989711646/series_004_2_CR/A2504110565 DXA/CR DXA/CR000000.dcm,spine,,
b25a40320b311514,2.25.307021710202910067378603383388989711646,2.25.307021710202910067378603383388989711646/series_004_2_CR/A2504110565 DXA/CR DXA/CR000001.dcm,hip,right,
f622f198d29c7397,2.25.307021710202910067378603383388989711646,2.25.307021710202910067378603383388989711646/series_004_2_CR/A2504110565 DXA/CR DXA/CR000004.dcm,hip,left,
95bfe55d84176d45,2.25.309085571913348252136520206003694446566,2.25.309085571913348252136520206003694446566/series_002_2_CR/A2504116267 DXA/CR DXA/CR000000.dcm,spine,,
1638aa3b2f62ed7e,2.25.309085571913348252136520206003694446566,2.25.309085571913348252136520206003694446566/series_002_2_CR/A2504116267 DXA/CR DXA/CR000001.dcm,hip,left,
e45e65d9640b5f7a,2.25.309085571913348252136520206003694446566,2.25.309085571913348252136520206003694446566/series_002_2_CR/A2504116267 DXA/CR DXA/CR000002.dcm,hip,right,
29ed747197090dd5,2.25.314147167453134440746270747484612743945,2.25.314147167453134440746270747484612743945/series_002_2_CR/A2504224780 DXA/CR DXA/CR000000.dcm,hip,right,
f3b3d9f7b9e704d9,2.25.314147167453134440746270747484612743945,2.25.314147167453134440746270747484612743945/series_002_2_CR/A2504224780 DXA/CR DXA/CR000001.dcm,hip,left,
bcc2917c8e9c4095,2.25.314147167453134440746270747484612743945,2.25.314147167453134440746270747484612743945/series_002_2_CR/A2504224780 DXA/CR DXA/CR000002.dcm,spine,,
70a458d16d7cebb7,2.25.322202456901330781765399791024580391565,2.25.322202456901330781765399791024580391565/series_002_2_CR/A2504350020 DXA/CR DXA/CR000000.dcm,spine,,
e16096d2aa6b1ab2,2.25.338439598607961312040815816824093323492,2.25.338439598607961312040815816824093323492/series_002_2_CR/A2504147124 DXA/CR DXA/CR000000.dcm,spine,,
466bdac216ea2880,2.25.339027809107632348165171236474821772940,2.25.339027809107632348165171236474821772940/series_001_2_CR/A2504349642 DXA/CR DXA/CR000000.dcm,hip,right,
4fb73f98b38dcf12,2.25.339027809107632348165171236474821772940,2.25.339027809107632348165171236474821772940/series_001_2_CR/A2504349642 DXA/CR DXA/CR000001.dcm,spine,,
d0fc163528a2ef85,2.25.339027809107632348165171236474821772940,2.25.339027809107632348165171236474821772940/series_001_2_CR/A2504349642 DXA/CR DXA/CR000002.dcm,hip,left,
ba1e0a12d3a94e65,2.25.340839477910528898406207279980417945,2.25.340839477910528898406207279980417945/series_001_2_CR/A2504224555 DXA Exam/CR DXA Images/CR000000.dcm,hip,left,
6ce77a3c92b43e20,2.25.340839477910528898406207279980417945,2.25.340839477910528898406207279980417945/series_001_2_CR/A2504224555 DXA Exam/CR DXA Images/CR000001.dcm,hip,right,
72a7bcae97c61264,2.25.340839477910528898406207279980417945,2.25.340839477910528898406207279980417945/series_001_2_CR/A2504224555 DXA Exam/CR DXA Images/CR000002.dcm,spine,,
b87076ed76e6db92,2.25.37515662379281069436632838996073181551,2.25.37515662379281069436632838996073181551/series_001_2_CR/A2504329840 DXA/CR DXA/CR000000.dcm,spine,,
25a1a0e1ea42785e,2.25.37515662379281069436632838996073181551,2.25.37515662379281069436632838996073181551/series_001_2_CR/A2504329840 DXA/CR DXA/CR000001.dcm,hip,left,
3981687968d14d0e,2.25.37515662379281069436632838996073181551,2.25.37515662379281069436632838996073181551/series_001_2_CR/A2504329840 DXA/CR DXA/CR000002.dcm,hip,right,
5fa115f0479687a3,2.25.39068163399801173920284179500049527111,2.25.39068163399801173920284179500049527111/series_002_2_CR/A2504195842 DXA/CR DXA/CR000000.dcm,hip,right,
2af68afff82dda6f,2.25.39068163399801173920284179500049527111,2.25.39068163399801173920284179500049527111/series_002_2_CR/A2504195842 DXA/CR DXA/CR000001.dcm,hip,left,
c583927616d0b06e,2.25.39068163399801173920284179500049527111,2.25.39068163399801173920284179500049527111/series_002_2_CR/A2504195842 DXA/CR DXA/CR000002.dcm,spine,,
e70b29bf1f7c7917,2.25.48906424954135283790354958243772558962,2.25.48906424954135283790354958243772558962/series_001_2_CR/A2504185596 DXA Exam/CR DXA Images/CR000000.dcm,hip,right,
1ad07d8e8cf7ea58,2.25.48906424954135283790354958243772558962,2.25.48906424954135283790354958243772558962/series_001_2_CR/A2504185596 DXA Exam/CR DXA Images/CR000001.dcm,hip,left,
b4bfc8b2f73d7c90,2.25.48906424954135283790354958243772558962,2.25.48906424954135283790354958243772558962/series_001_2_CR/A2504185596 DXA Exam/CR DXA Images/CR000002.dcm,spine,,
cf63309b9527ba41,2.25.52532476139575422857225834315571570912,2.25.52532476139575422857225834315571570912/series_001_2_CR/A2504247961 DXA/CR DXA/CR000000.dcm,spine,,
0b5ea32eec95ed65,2.25.52982400970721161435951723390541696819,2.25.52982400970721161435951723390541696819/series_001_2_CR/A2504331065 DXA/CR DXA/CR000000.dcm,hip,right,
68dedb4911cee598,2.25.52982400970721161435951723390541696819,2.25.52982400970721161435951723390541696819/series_001_2_CR/A2504331065 DXA/CR DXA/CR000001.dcm,hip,left,
f0a3a0b7140e13c5,2.25.52982400970721161435951723390541696819,2.25.52982400970721161435951723390541696819/series_001_2_CR/A2504331065 DXA/CR DXA/CR000002.dcm,spine,,
0b9015d5f4feba78,2.25.54396839637320114639948764487283877793,2.25.54396839637320114639948764487283877793/series_003_2_CR/A2504111090 DXA/CR DXA/CR000000.dcm,spine,,
ffe9c586856c62e5,2.25.59542620917302828428419211045951914336,2.25.59542620917302828428419211045951914336/series_001_2_CR/A2504303391 DXA/CR DXA/CR000000.dcm,spine,,
e5d7931e43130714,2.25.65954778282254353457041255543338557112,2.25.65954778282254353457041255543338557112/series_004_3_CR/A2504246289 DXA/CR DXA/CR000000.dcm,hip,right,
15c4fd6ab07767aa,2.25.65954778282254353457041255543338557112,2.25.65954778282254353457041255543338557112/series_004_3_CR/A2504246289 DXA/CR DXA/CR000001.dcm,hip,left,
a16da497661086d0,2.25.65954778282254353457041255543338557112,2.25.65954778282254353457041255543338557112/series_004_3_CR/A2504246289 DXA/CR DXA/CR000002.dcm,spine,,
52a8175e76258296,2.25.66397484472966116002950503539482860450,2.25.66397484472966116002950503539482860450/series_001_2_CR/A2504194637 DXA/CR DXA/CR000000.dcm,hip,left,
e078dfc44f041caf,2.25.66397484472966116002950503539482860450,2.25.66397484472966116002950503539482860450/series_001_2_CR/A2504194637 DXA/CR DXA/CR000003.dcm,hip,right,
2d041f0da6ef4126,2.25.66397484472966116002950503539482860450,2.25.66397484472966116002950503539482860450/series_001_2_CR/A2504194637 DXA/CR DXA/CR000004.dcm,spine,,
8d6bb8a342abf598,2.25.73070100851377917031356937075051545239,2.25.73070100851377917031356937075051545239/series_002_2_CR/A2504239110 DXA/CR DXA/CR000000.dcm,hip,left,
ff598c98049b6e5a,2.25.73070100851377917031356937075051545239,2.25.73070100851377917031356937075051545239/series_002_2_CR/A2504239110 DXA/CR DXA/CR000001.dcm,hip,right,
889ac6894ee45150,2.25.73070100851377917031356937075051545239,2.25.73070100851377917031356937075051545239/series_002_2_CR/A2504239110 DXA/CR DXA/CR000002.dcm,spine,,
9343714ced704eb5,2.25.76710355977373089612172037086913478687,2.25.76710355977373089612172037086913478687/series_002_3_CR/A2504104830 DXA/CR DXA/CR000000.dcm,hip,right,
03ee2f041924505a,2.25.76710355977373089612172037086913478687,2.25.76710355977373089612172037086913478687/series_002_3_CR/A2504104830 DXA/CR DXA/CR000001.dcm,spine,,
9c8e5ed037700e5c,2.25.76710355977373089612172037086913478687,2.25.76710355977373089612172037086913478687/series_002_3_CR/A2504104830 DXA/CR DXA/CR000002.dcm,hip,left,
ea8f48ac79cddbf3,2.25.78999454687125053757525542837745968726,2.25.78999454687125053757525542837745968726/series_004_3_CR/A2504222617 DXA/CR DXA/CR000000.dcm,hip,left,
8d7068da42a4f6d2,2.25.78999454687125053757525542837745968726,2.25.78999454687125053757525542837745968726/series_004_3_CR/A2504222617 DXA/CR DXA/CR000001.dcm,hip,right,
821fff9ba116a43e,2.25.78999454687125053757525542837745968726,2.25.78999454687125053757525542837745968726/series_004_3_CR/A2504222617 DXA/CR DXA/CR000002.dcm,spine,,
c3f297107741a7e3,2.25.82912555346523716720160717883917565880,2.25.82912555346523716720160717883917565880/series_002_2_CR/A2504149480 DXA/CR DXA/CR000000.dcm,hip,left,
f71e7c52532b6ed0,2.25.82912555346523716720160717883917565880,2.25.82912555346523716720160717883917565880/series_002_2_CR/A2504149480 DXA/CR DXA/CR000001.dcm,spine,,
fcdd7009146036b7,2.25.82912555346523716720160717883917565880,2.25.82912555346523716720160717883917565880/series_002_2_CR/A2504149480 DXA/CR DXA/CR000002.dcm,hip,right,
2dd9d3920522a25a,2.25.87718478011637131470224319788530286374,2.25.87718478011637131470224319788530286374/series_002_2_CR/A2504337993 DXA/CR DXA/CR000000.dcm,spine,,
0326cf5eac0e3186,2.25.87869906212286587478854831452123526595,2.25.87869906212286587478854831452123526595/series_002_2_CR/A250419699 DXA/CR DXA/CR000000.dcm,hip,left,
0505a1eacaa7e7d6,2.25.87869906212286587478854831452123526595,2.25.87869906212286587478854831452123526595/series_002_2_CR/A250419699 DXA/CR DXA/CR000001.dcm,spine,,
89b8b7fa5e540f2a,2.25.87869906212286587478854831452123526595,2.25.87869906212286587478854831452123526595/series_002_2_CR/A250419699 DXA/CR DXA/CR000002.dcm,hip,right,
6288a71668b27245,2.25.91981043841368764114007975581101713077,2.25.91981043841368764114007975581101713077/series_003_2_CR/A250496619 DXA/CR DXA/CR000000.dcm,hip,left,
f91b1f9d44fe4dff,2.25.91981043841368764114007975581101713077,2.25.91981043841368764114007975581101713077/series_003_2_CR/A250496619 DXA/CR DXA/CR000002.dcm,hip,right,
e0ba548328442280,2.25.91981043841368764114007975581101713077,2.25.91981043841368764114007975581101713077/series_003_2_CR/A250496619 DXA/CR DXA/CR000004.dcm,spine,,
